arcOrder,arc,location,affiliation,status,name,gender,race,nationality,description
1,ballack vs gargas,10000 hell,grand dukes,deceased,gargas,male,demon,none,demon archduke
1,ballack vs gargas,10000 hell,grand dukes,deceased,goblin,male,demon,none,demon
1,ballack vs gargas,10000 hell,demon lord,alive,ballack,male,demon,none,demon Lord subordinate
2,demon Lord castle,demon Lord castle,"demon Lord, world ranker and guardian",alive,oh kang woo,male,human,Korea,"demon Lord, , world ranker and guardian"
2,demon Lord castle,,demon Lord,alive,lilith,female,demon,none,demon Lord subordinate
2,demon Lord castle,,grand dukes,deceased,head of vocalor,unknown,demon,none,demon archduke subordinate
2,demon Lord castle,,unknown,alive,aamon,male,demon,none,unknown
3,gaia system,gaia system,gaia system,unknown,gaia,female,god,none,protector
4,kang woo arrival on e rank gate,E rank gate,oh kang woo and guardian,alive,Han seo lah,female,human,Korea,player and guardian
4,kang woo arrival on e rank gate,,E rank gate,alive,E rank guard,male,human,Korea,guard
5,seo lah apartment,seo lah apartment,seo lah,alive,seo lah mom,female,human,Korea,civilian
5,seo lah apartment,,reporter,alive,kim,unknown,human,Korea,reporter
6,seo lah apartment,,seo lah /andras guild,alive,Han tae hyun,male,human,Korea,player
6,seo lah apartment,,guardians and world ranker,alive,grace mcgurbin,female,human,USA,guardians and world ranker
7,kang woo vs tae hyun,seo lah apartment,oh kang woo,alive,orobas,male,demon,none,authorities
8,player regristration arc,player HQ,hanul guild,alive,baek kang hyun,male,human,Korea,Korean top ranker
8,player regristration arc,,sanare guild,alive,jung hyun joo,male,human,Korea,Korean top ranker
8,player regristration arc,,onnuri guild,alive,chae min hyeok,male,human,Korea,Korean top ranker
8,player regristration arc,,mir guild,alive,kim jae hyun,male,human,Korea,Korean top ranker
8,player regristration arc,,red rose guild,alive,chae yeon ju,female,human,Korea,Korean top ranker
9,E rank gate,E rank gate,none,deceased,hobgoblin,male,monster,none,E gate monster
9,E rank gate,,oh kang woo,alive,kim tae soo,male,human,Korea,kang woo party
11,d rank gate,d rank gate,oh kang woo,unknown,andras,unknown,demon,none,authorities
11,d rank gate,,d rank,deceased,lizardmen,male,monster,none,d gate monster
11,d rank gate,,andras guild,deceased,ho jun,male,human,Korea,andras guild member
12,andras guild,andras guild HQ,andras guild,alive,andre,male,human,Korea,andras guild leader
14,pc center clash,pc center,oh kang woo,unknown,teemo,unknown,unknown,none,game
14,pc center clash,,red rose guild,alive,park hyun woo,male,human,Korea,administrator
15,mokdong c rank gate,mokdong c rank gate,mokdong c rank gate,deceased,troll,unknown,monster,none,c gate monster
17,b rank gate,b rank gate,10000 hell,deceased,hellhound,unknown,demon,none,b gate monster
19,red rose guild HQ before the battle between moon cheong ho and kang woo,red rose guild HQ,player,alive,moon cheong ho,male,human,Korea,ex red roses guild
22,kang woo party creation first battle debut,incheon d rank gate,oh kang woo,alive,kim shi hoon,male,human,Korea,kang woo party
22,kang woo party creation first battle debut,, ,alive,cha eun bi,female,human,Korea,kang woo party
22,kang woo party creation first battle debut,, ,alive,jung soo,male,human,Korea,kang woo party
22,kang woo party creation first battle debut,, ,alive,kim dae joong,male,human,Korea,kang woo party
22,kang woo party creation first battle debut,, ,alive,seong joon,male,human,Korea,kang woo party
22,kang woo party creation first battle debut,,monster,deceased,giant lizardmen,unknown,monster,none,monster
23,lucifer war,10000 hell,lucifer,alive,kadena,female,demon,none,lucifer force
23,lucifer war,10000 hell,lucifer,alive,lucifer,male,demon,none,demon king
23,lucifer war,10000 hell,lucifer,alive,leviathan,male,demon,none,demon king
23,lucifer war,10000 hell,satan,alive,satan,male,demon,none,demon king
23,lucifer war,10000 hell,lucifer,alive,lucis,male,demon,none,lucifer force
24,mammon arc,10000 hell,mammon,alive,mammon,male,demon,none,demon king
24,mammon arc,10000 hell,yogg saron,alive,yogg saron,male,demon,none,demon king
24,mammon arc,10000 hell,belial,alive,belial,male,demon,none,demon king
24,mammon arc,10000 hell,beelzebub,alive,beelzebub,male,demon,none,demon king
24,mammon arc,10000 hell,asmodeus,alive,asmodeus,male,demon,none,demon king
24,mammon arc,10000 hell,oh kang woo,alive,orobas,male,demon,none,authorities
24,mammon arc,10000 hell,buer,alive,buer,male,demon,none,demon king
24,mammon arc,10000 hell,flauros,alive,flauros,male,demon,none,demon king
24,mammon arc,10000 hell,baphomet,alive,baphomet,male,demon,none,demon king
140,tibet cult arc,tibet,guardian,alive,jason hemmet,male,human,USA,guardian
146,kang woo vs demon god,10000 hell,demonic god,alive,demonic god,male,demon,none,demon god
150,gaia chatting with si hoon to encourage him,gaia system,gaia system,alive,gaia,female,god,none,protector
151,si hoon before corrupted and  ballack disguised as yogg saron,10000 hell,yogg saron,alive,yogg-saron,male,demon,none,demon king
156,introduction of mage tower,mage tower,mage tower,alive,kadka,male,human,Korea,mage
156,introduction of mage tower,mage tower,mage tower,alive,kadea,female,human,Korea,mage
160,kang woo plan on lucifer and lucis,10000 hell,lucifer,alive,lucis,male,demon,none,lucifer force
160,kang woo plan on lucifer and lucis,10000 hell,lucifer,alive,leviathan parent,male,demon,none,lucifer force
161, lucis vs oh kang woo,10000 hell,lucifer,alive,reiksguard,unknown,demon,none,lucifer force
165,demon cultists and lucis attack on lucifer forces,10000 hell,lucifer,alive,rakiskad,unknown,demon,none,lucifer force
166,kang woo forces vs lucifer forces,10000 hell,lucifer,alive,army of pride,unknown,demon,none,lucifer force
158,archangels cooperation with guardians,Hall of guardians,Raphael,deceased,Ludwig,male,angel,unknown,Raphael apostle
158,archangels cooperation with guardians,Hall of guardians,Raphael,deceased,zeras,male,angel,unknown,Raphael apostle
158,archangels cooperation with guardians,Hall of guardians,Raphael,deceased,azir,male,angel,unknown,Raphael apostle
159,lilith dungeon,lilith dungeon,Raphael,alive,Raphael,male,angel,unknown,Raphael apostle's mentor
